﻿<?xml version="1.0" encoding="UTF-8" standalone="yes"?>
<addon id="repositorio.bcrx-master" name="Bcrx" version="0.0.1" provider-name="bcrxvtec">
	<extension point="xbmc.addon.repository" name="Bcrx Add-on Repository">
		<info compressed="false">http://raw.github.com/bcrxvtec/repositorio.bcrx-master/master/addons.xml</info>
		<checksum>http://raw.github.com/bcrxvtec/repositorio.bcrx-master/master/addons.xml.md5</checksum>
		<datadir zip="true">http://raw.github.com/bcrxvtec/repositorio.bcrx-master/master/repo/</datadir>
	</extension>
	<extension point="xbmc.addon.metadata">
		<summary>Bcrx Addon</summary>
		<description>Addon Description</description>
		<disclaimer></disclaimer>
		<platform>all</platform>
	</extension>
</addon>